dataset,summary_file,bf_file,effect_mean,effect_sd,tau_site_mean,tau_site_sd,comparison_method,comparison_unit,k_folds,elpd_hetero,elpd_homo,elpd_se_hetero,elpd_se_homo,looic_hetero,looic_homo,elpd_diff,elpd_diff_se,bf_hetero_vs_homo,log_bf,delta_elpd,delta_looic
Stroop,reports/location_scale_stroop_ml3_site_summary.csv,reports/kfold/location_scale_stroop_ml3_site_sub30_kfold_site_bf.csv,-0.08040625000075,0.00282829629327674,0.010366311492725,0.00257924799243401,kfold,site,5,-17179.373603954755,-20785.603268366645,276.82995514244465,509.18871267016726,34358.74720790951,41571.20653673329,3606.2296644118906,278.0086604657289,10142320547350045e288,3606.2296644118906,3606.2296644118906,7212.459328823781
PSA001_Attractive,reports/location_scale_psa001_attractive_gender_site_ad99_summary.csv,reports/kfold/location_scale_psa001_attractive_gender_sub30_kfold_site_bf.csv,-0.59352054901875,0.04336860131806672,0.07708318501874958,0.05124744177896261,kfold,site,5,-56428.38372820077,-56076.0777317591,112.80125585686524,105.56566552164124,112856.76745640156,112152.1554635182,-352.30599644167523,15.51892472060429,9.895774812329277e-154,-352.30599644167523,-352.30599644167523,-704.611992883365
PSA001_Dominant,reports/location_scale_psa001_dominant_gender_site_ad99_summary.csv,reports/kfold/location_scale_psa001_dominant_gender_sub30_kfold_site_bf.csv,0.07513076133940416,0.06047333431545124,0.19600653879606664,0.0947478021853944,kfold,site,5,-53490.57921234389,-53056.57458696726,117.98168533283366,106.32553473048776,106981.15842468778,106113.14917393452,-434.0046253766268,17.674095512205835,3.2672779244975322e-189,-434.0046253766268,-434.0046253766268,-868.0092507532536
