dataset,tag,beta2_homo_mean,beta2_homo_sd,beta2_hetero_mean,beta2_hetero_sd,tau_site2_homo_mean,tau_site2_homo_sd,tau_site2_hetero_mean,tau_site2_hetero_sd,delta_beta2,delta_tau_site2,tau_site2_reduction_pct
Stroop,stroop_ml3_site,-0.085446617040625,0.00306777856576717,-0.08040625000075,0.00282829629327674,0.0103419624166875,0.00310536711827185,0.010366311492725,0.00257924799243401,0.00504036703987501,2.4349076037499112e-5,-0.23543961055408716
PSA001_Attractive,psa001_attractive_gender_site_ad99,-0.601826694775,0.04487451911652356,-0.59352054901875,0.04336860131806672,0.07220504278390792,0.0515552388912293,0.07708318501874958,0.05124744177896261,0.008306145756249994,0.004878142234841662,-6.755957820620302
PSA001_Dominant,psa001_dominant_gender_site_ad99,0.0630811075663368,0.05852530235775079,0.07513076133940416,0.06047333431545124,0.16371014697849598,0.09855832712670282,0.19600653879606664,0.0947478021853944,0.012049653773067368,0.03229639181757066,-19.727788664078915
